len,TiOT,TAOT,eTiOT,eTAOT
20000,,404.6856237,375.8236247,131.66062120000004
