len,TAOT,eTiOT,eTAOT
300,0.017070200000000035,0.026163700000000567,0.006032400000000493
