len,TAOT,eTiOT,eTAOT
8000,19.0941443,8.391235899999998,4.2612886
12000,63.251624299999996,20.9804824,10.295757900000012
