len,TAOT,eTiOT,eTAOT
500,0.03878929999999947,0.04158799999999996,0.02124069999999989
