len,TAOT,eTiOT,eTAOT
16000,133.5235831,59.029031299999986,18.006414799999988
20000,437.657102,550.0240207,148.68507339999996
