len,TiOT,TAOT,eTiOT,eTAOT
1000,282.88087360000003,0.7342418000000066,0.15281849999996666,0.054096300000026076
8000,,292.5502493,13.299248300000045,6.061784299999999
