len,TiOT,TAOT,eTiOT,eTAOT
300,2.0365518,0.00848509999999969,0.05031789999999958,0.05301160000000049
500,8.279971499999998,0.024386900000001432,0.04550889999999974,0.023322699999999585
