len,TiOT,TAOT,eTiOT,eTAOT
500,19.201711099999997,0.024506099999999975,0.3806849000000021,0.008009500000000003
