len,TAOT,eTiOT,eTAOT
4000,3.8095236000000003,2.0294685999999995,1.2171296999999992
