len,TAOT,eTiOT,eTAOT
8000,22.837945599999998,13.356935600000003,4.9513146000000035
12000,45.8312992,32.867440099999996,10.393769199999994
16000,145.26318170000002,55.025777800000014,21.757078000000035
