len,TiOT,TAOT,eTiOT,eTAOT
6000,,8.7065446,5.398125199999999,2.513205199999998
