len,TiOT,TAOT,eTiOT,eTAOT
700,80.2265423,0.17929900000000032,0.07601350000000195,0.033219099999996615
