len,eTiOT,eTAOT
1000,2.2439669,0.019504200000000083
