len,TAOT,eTiOT,eTAOT
2000,0.6915510999999999,0.5526641000000003,0.2549242999999999
