len,TiOT,TAOT,eTiOT,eTAOT
2000,3461.8416850000003,5.123829999999998,0.6220479999997224,0.2681239000003188
10000,,454.4616941999998,18.301868000000013,8.481824499999675
