len,TiOT,TAOT,eTiOT,eTAOT
12000,,69.0594038,34.604520699999995,15.256772900000001
16000,,199.3293178,131.11325969999996,43.984742600000004
