len,TAOT,eTiOT,eTAOT
4000,3.730584600000001,2.005452700000001,1.0964802999999996
8000,20.8842472,8.185591600000002,4.488354200000003
12000,69.5634262,16.423187999999996,9.132681700000006
