len,TAOT,eTiOT,eTAOT
300,0.012251199999999685,0.011882599999999854,0.009582800000000447
