len,TAOT,eTiOT,eTAOT
50,0.0005715000000003911,0.0010646000000003042,0.0002640999999998783
