len,eTiOT,eTAOT
2000,1.4640769999999996,0.08995450000000105
