len,TiOT,TAOT,eTiOT,eTAOT
4000,,8.023911400000001,91.3550041,1.144450500000005
