len,TiOT,TAOT,eTiOT,eTAOT
200,0.7559472000000005,0.004970000000000141,0.17889969999999966,0.010380899999999471
