len,TiOT,TAOT,eTiOT,eTAOT
500,13.762954299999999,0.03395460000000128,1.2893319000000005,0.0181666000000007
