len,TiOT,TAOT,eTiOT,eTAOT
600,31.6444003,0.047295500000004154,1.8517632999999947,0.02084220000000414
