len,TiOT,TAOT,eTiOT,eTAOT
12000,,66.5279102,21.8567422,9.024638699999997
14000,,86.7389745,36.1510595,12.690076599999998
16000,,132.8613309,101.94683600000002,17.839917400000047
