eps,eTiOT
0.01,0.4085213032581453
0.02,0.4085213032581453
Final error,0.42207792207792205
