eps,eTAOT(w = w*)
0.01,0.004444444444444473
0.02,0.0033333333333332993
0.03,0.0033333333333332993
0.04,0.0033333333333332993
0.05,0.0033333333333332993
0.06,0.0033333333333332993
0.07,0.0033333333333332993
0.08,0.0033333333333332993
0.09,0.004444444444444473
0.1,0.004444444444444473
