eps,eTiOT,eTAOT$(\omega = \omega_{\text{grid}} \;/\; 5)$,eTAOT$(\omega = \omega_{\text{grid}})$,eTAOT$(\omega = \omega_{\text{grid}} \times 5)$
0.05,0.3355263157894737,0.3421052631578947,0.3197368421052632,0.2947368421052632
0.06,0.3302631578947368,0.3381578947368421,0.31842105263157894,0.2973684210526316
0.07,0.3342105263157895,0.33947368421052626,0.3131578947368421,0.31052631578947365
0.08,0.3342105263157895,0.3381578947368421,0.3092105263157895,0.31052631578947365
0.09,0.33684210526315794,0.3381578947368421,0.3131578947368421,0.3118421052631579
0.1,0.3315789473684211,0.3381578947368421,0.3118421052631579,0.31447368421052635
