eps,eTiOT,eTAOT,eTAOT(w = 0.02),eTAOT(w = 0.1),eTAOT(w = 0.5)
0.07,0.23245614035087714,0.2149122807017544,0.17105263157894735,0.19298245614035092,0.23245614035087714
0.08,0.2192982456140351,0.22368421052631582,0.17105263157894735,0.1885964912280702,0.23245614035087714
0.09,0.22807017543859653,0.22368421052631582,0.17105263157894735,0.1885964912280702,0.23245614035087714
0.1,0.22807017543859653,0.22807017543859653,0.17105263157894735,0.19298245614035092,0.23245614035087714
