eps,eTiOT,eTAOT$(\omega = \omega_{\text{grid}} \;/\; 5)$,eTAOT$(\omega = \omega_{\text{grid}})$,eTAOT$(\omega = \omega_{\text{grid}} \times 5)$
0.09,0.1797004991680532,0.21297836938435943,0.22462562396006658,0.3094841930116472
0.1,0.1797004991680532,0.21797004991680535,0.23460898502495842,0.31447587354409323
