eps,eTiOT,eTAOT$(\omega = \omega_{\text{grid}} \;/\; 5)$,eTAOT$(\omega = \omega_{\text{grid}})$,eTAOT$(\omega = \omega_{\text{grid}} \times 5)$
0.05,0.37142857142857144,0.4571428571428572,0.3904761904761904,0.4571428571428572
0.06,0.38095238095238093,0.4380952380952381,0.4,0.47619047619047616
0.07,0.4,0.4380952380952381,0.3904761904761904,0.48571428571428577
0.08,0.4095238095238095,0.4380952380952381,0.3904761904761904,0.48571428571428577
0.09,0.4095238095238095,0.4285714285714286,0.4095238095238095,0.5047619047619047
0.1,0.419047619047619,0.4380952380952381,0.4,0.5047619047619047
