eps,eTAOT(w = w*)
0.01,0.17304492512479197
0.02,0.17304492512479197
0.03,0.16638935108153075
0.04,0.16971713810316136
0.05,0.17637271214642258
0.06,0.17470881863560728
0.07,0.1813643926788685
0.08,0.18801996672212984
0.09,0.18968386023294515
0.1,0.19134775374376045
