eps,eTiOT,eTAOT$(\omega = \omega_{\text{grid}} \;/\; 5)$,eTAOT$(\omega = \omega_{\text{grid}})$,eTAOT$(\omega = \omega_{\text{grid}} \times 5)$
0.05,0.2666666666666667,0.1166666666666667,0.23333333333333328,0.33333333333333337
0.06,0.31666666666666665,0.1333333333333333,0.2833333333333333,0.33333333333333337
0.07,0.33333333333333337,0.19999999999999996,0.30000000000000004,0.33333333333333337
0.08,0.33333333333333337,0.16666666666666663,0.33333333333333337,0.33333333333333337
0.09,0.33333333333333337,0.19999999999999996,0.33333333333333337,0.3666666666666667
0.1,0.33333333333333337,0.30000000000000004,0.33333333333333337,0.3833333333333333
