eps,eTAOT
0.05,0.16306156405990013
0.06,0.16805324459234605
0.07,0.16971713810316136
0.08,0.16805324459234605
0.09,0.1813643926788685
0.1,0.1797004991680532
