eps,eTiOT,eTAOT$(\omega = \omega_{\text{grid}} \;/\; 5)$,eTAOT$(\omega = \omega_{\text{grid}})$,eTAOT$(\omega = \omega_{\text{grid}} \times 5)$
0.06,0.25,0.25,0.26086956521739135,0.28623188405797106
0.07,0.23913043478260865,0.25724637681159424,0.26449275362318836,0.3007246376811594
0.08,0.25,0.2536231884057971,0.26449275362318836,0.28985507246376807
0.09,0.25724637681159424,0.26449275362318836,0.2717391304347826,0.30797101449275366
0.1,0.26449275362318836,0.26449275362318836,0.26086956521739135,0.3115942028985508
