eps,eTiOT,eTAOT$(\omega = \omega_{\text{grid}} \;/\; 5)$,eTAOT$(\omega = \omega_{\text{grid}})$,eTAOT$(\omega = \omega_{\text{grid}} \times 5)$
0.05,0.042483660130718914,0.02941176470588236,0.042483660130718914,0.042483660130718914
0.06,0.042483660130718914,0.02614379084967322,0.042483660130718914,0.042483660130718914
0.07,0.042483660130718914,0.02614379084967322,0.042483660130718914,0.042483660130718914
0.08,0.042483660130718914,0.019607843137254943,0.042483660130718914,0.042483660130718914
0.09,0.042483660130718914,0.019607843137254943,0.042483660130718914,0.042483660130718914
0.1,0.042483660130718914,0.019607843137254943,0.042483660130718914,0.042483660130718914
