eps,eTiOT,eTAOT,eTAOT(w = 0.02),eTAOT(w = 0.1),eTAOT(w = 0.5)
0.07,0.16769095697980685,0.15364354697102722,0.07550482879719056,0.11676909569798066,0.17734855136084282
0.08,0.16681299385425807,0.151009657594381,0.07374890254609301,0.11501316944688322,0.17295873573309917
0.09,0.17032484635645306,0.14661984196663735,0.07287093942054435,0.11237928007023701,0.1720807726075505
0.1,0.16769095697980685,0.14310798946444248,0.07462686567164178,0.11062335381913957,0.16856892010535562
