eps,eTAOT(w = w*)
0.01,0.25773195876288657
0.02,0.2508591065292096
0.03,0.2542955326460481
0.04,0.2508591065292096
0.05,0.2405498281786942
0.06,0.2542955326460481
0.07,0.2542955326460481
0.08,0.27491408934707906
0.09,0.2989690721649485
0.1,0.302405498281787
