eps,eTiOT,eTAOT$(\omega = \omega_{\text{grid}} \;/\; 5)$,eTAOT$(\omega = \omega_{\text{grid}})$,eTAOT$(\omega = \omega_{\text{grid}} \times 5)$
0.05,0.15909090909090906,0.15909090909090906,0.13636363636363635,0.18181818181818177
0.06,0.15909090909090906,0.15909090909090906,0.15909090909090906,0.20454545454545459
0.07,0.15909090909090906,0.15909090909090906,0.15909090909090906,0.2272727272727273
0.08,0.15909090909090906,0.17045454545454541,0.17045454545454541,0.25
0.09,0.17045454545454541,0.15909090909090906,0.17045454545454541,0.2954545454545454
0.1,0.17045454545454541,0.15909090909090906,0.18181818181818177,0.3295454545454546
