eps,eTAOT(w = w*)
0.01,0.28057553956834536
0.02,0.28776978417266186
0.03,0.3165467625899281
0.04,0.3165467625899281
0.05,0.3453237410071942
0.06,0.3597122302158273
0.07,0.3453237410071942
0.08,0.36690647482014394
0.09,0.3597122302158273
0.1,0.3453237410071942
