eps,eTiOT,eTAOT$(\omega = \omega_{\text{grid}} \;/\; 5)$,eTAOT$(\omega = \omega_{\text{grid}})$,eTAOT$(\omega = \omega_{\text{grid}} \times 5)$
0.06,0.3309352517985612,0.3165467625899281,0.3093525179856115,0.29496402877697847
0.07,0.3309352517985612,0.3237410071942446,0.3093525179856115,0.3237410071942446
0.08,0.3597122302158273,0.3165467625899281,0.302158273381295,0.3237410071942446
0.09,0.3381294964028777,0.3165467625899281,0.302158273381295,0.3165467625899281
0.1,0.3525179856115108,0.3165467625899281,0.302158273381295,0.3309352517985612
