eps,eTiOT,eTAOT,eTAOT(w = 1.4),eTAOT(w = 7),eTAOT(w = 35)
0.07,0.05247813411078717,0.055393586005830886,0.04470359572400384,0.04664723032069973,0.0388726919339164
0.08,0.05247813411078717,0.05442176870748294,0.045675413022351785,0.048590864917395504,0.04081632653061229
0.09,0.05247813411078717,0.05344995140913511,0.04761904761904767,0.048590864917395504,0.04178814382896012
0.1,0.05344995140913511,0.05442176870748294,0.05053449951409139,0.05053449951409139,0.042759961127308066
