eps,eTAOT
0.07,0.25773195876288657
0.08,0.2542955326460481
0.09,0.2542955326460481
0.1,0.2646048109965635
