eps,eTAOT(w = w*)
0.01,0.24398625429553267
0.02,0.21305841924398627
0.03,0.21305841924398627
0.04,0.2096219931271478
0.05,0.21993127147766323
0.06,0.22680412371134018
0.07,0.24742268041237114
0.08,0.26116838487972505
0.09,0.2680412371134021
0.1,0.28865979381443296
