eps,eTiOT,eTAOT(w = w*),eTAOT(w = 0.16),eTAOT(w = 0.8),eTAOT(w = 4.0)
0.07,0.11538461538461542,0.08461538461538465,0.13076923076923075,0.09230769230769231,0.11538461538461542
0.08,0.11538461538461542,0.08461538461538465,0.13076923076923075,0.09230769230769231,0.11538461538461542
0.09,0.10769230769230764,0.08461538461538465,0.13076923076923075,0.09230769230769231,0.12307692307692308
0.1,0.10769230769230764,0.08461538461538465,0.13076923076923075,0.09230769230769231,0.12307692307692308
