eps,eTiOT,eTAOT,eTAOT(w = 0.2),eTAOT(w = 1),eTAOT(w = 5)
0.07,0.03498542274052474,0.03498542274052474,0.10204081632653061,0.10204081632653061,0.10204081632653061
0.08,0.03790087463556846,0.04081632653061229,0.10495626822157433,0.10495626822157433,0.10495626822157433
0.09,0.03790087463556846,0.04373177842565601,0.10787172011661805,0.10787172011661805,0.10787172011661805
0.1,0.04373177842565601,0.04664723032069973,0.11370262390670549,0.11370262390670549,0.11370262390670549
