eps,eTiOT,eTAOT,eTAOT(w = 0.6),eTAOT(w = 3),eTAOT(w = 15)
0.07,0.16000000000000003,0.16000000000000003,0.16000000000000003,0.13,0.12
0.08,0.16000000000000003,0.16000000000000003,0.16000000000000003,0.13,0.12
0.09,0.16000000000000003,0.16000000000000003,0.16000000000000003,0.13,0.12
0.1,0.16000000000000003,0.16000000000000003,0.16000000000000003,0.13,0.12
