eps,eTiOT,eTAOT,eTAOT(w = 1.0),eTAOT(w = 5),eTAOT(w = 25)
0.07,0.13356562137049943,0.13588850174216027,0.14169570267131237,0.14169570267131237,0.132404181184669
0.08,0.14401858304297332,0.1382113821138211,0.14518002322880375,0.13937282229965153,0.13937282229965153
0.09,0.148664343786295,0.1370499419279907,0.14169570267131237,0.1382113821138211,0.14169570267131237
0.1,0.14750290360046459,0.1382113821138211,0.14634146341463417,0.13472706155632985,0.15214866434378627
