eps,eTiOT,eTAOT(w = w*),eTAOT(w = 0.1),eTAOT(w = 0.5),eTAOT(w = 2.5)
0.04,0.41007194244604317,0.40287769784172667,0.39568345323741005,0.40287769784172667,0.3597122302158273
0.06,0.41726618705035967,0.41726618705035967,0.39568345323741005,0.40287769784172667,0.37410071942446044
0.08,0.39568345323741005,0.41007194244604317,0.39568345323741005,0.36690647482014394,0.40287769784172667
0.1,0.40287769784172667,0.39568345323741005,0.41726618705035967,0.39568345323741005,0.41007194244604317
