eps,eTiOT,eTAOT(w = 0.14),eTAOT(w = 0.7),eTAOT(w = 3.5),euclid,kMeans
0.01,0.16364661654135337,0.09844611528822056,0.13438596491228072,0.2048370927318296,0.22838345864661658,0.21003759398496236
0.04,0.11969924812030075,0.11312030075187973,0.10561403508771927,0.13877192982456144,0.22838345864661658,0.21003759398496236
0.07,0.10050125313283209,0.10304511278195494,0.11788220551378448,0.21408521303258143,0.22838345864661658,0.21003759398496236
0.1,0.12751879699248125,0.10307017543859653,0.117218045112782,0.2387719298245614,0.22838345864661658,0.21003759398496236
