eps,eTiOT,eTAOT(w = 0.4),eTAOT(w = 2),eTAOT(w = 10),euclid,kMeans
0.01,0.39473684210526316,0.39473684210526316,0.4789473684210527,0.33684210526315794,0.39473684210526316,0.5210526315789474
0.05,0.39473684210526316,0.39473684210526316,0.33684210526315794,0.2684210526315789,0.39473684210526316,0.5210526315789474
0.1,0.39473684210526316,0.39473684210526316,0.33684210526315794,0.33684210526315794,0.39473684210526316,0.5210526315789474
