eps,eTiOT,eTAOT(w = 0.4),eTAOT(w = 2),eTAOT(w = 10),euclid,kMeans
0.1,0.39473684210526316,0.39473684210526316,0.33684210526315794,0.33684210526315794,0.39473684210526316,0.5210526315789474
