lag,TiOT,TAOT(w = 0.25),TAOT(w = 0.5),TAOT(w = 0.75)
0,-4.0657581468206416e-19,0.0,0.0,0.0
1,0.0010138334862054878,0.0007611728910144229,0.0009546884538003608,0.0010105569403773878
2,0.0027101661650407406,0.0016760967983359017,0.0023491402855940354,0.0026652391057004053
3,0.004862977902567775,0.0027172290296000735,0.004002130856896671,0.004794556226661983
4,0.007443228555463559,0.0038986970291129833,0.005934145644389078,0.007231764074705731
